{
    "loss": 23.957321166992188,
    "accuracy": 0.5035971403121948
}