{
    "loss": 15.670072555541992,
    "accuracy": 0.5179855823516846
}